INFO:root:Name: Food Bank of Alaska, Inc.
INFO:root:Street: 2121 Spar Avenue
INFO:root:City: Anchorage
INFO:root:State: AK
INFO:root:Zip: 99501
INFO:root:Phone: 907.272.3663
INFO:root:Website: www.foodbankofalaska.org
INFO:root:Info: 2121 Spar Avenue|Anchorage, AK 99501|907.272.3663
INFO:root:
 --- 

INFO:root:Complete
INFO:root:Name: Community Food Bank of Central Alabama
INFO:root:Street: 107 Walter Davis Drive
INFO:root:City: Birmingham
INFO:root:State: AL
INFO:root:Zip: 35209
INFO:root:Phone: 205.942.8911
INFO:root:Website: www.feedingal.org
INFO:root:Info: 107 Walter Davis Drive|Birmingham, AL 35209|205.942.8911
INFO:root:
 --- 

INFO:root:Complete
INFO:root:Name: Food Bank of North Alabama
INFO:root:Street: 2000 B. Vernon Ave.
INFO:root:City: Huntsville
INFO:root:State: AL
INFO:root:Zip: 35805
INFO:root:Phone: 256.539.2256
INFO:root:Website: www.foodbanknorthal.org/
INFO:root:Info: 2000 B. Vernon Ave.|P.O. Box 18607|Huntsville, AL 35805|256.539.2256
INFO:root:
 --- 

INFO:root:Complete
INFO:root:Name: Montgomery Area Food Bank, Inc.
INFO:root:Street: 521 Trade Center Street
INFO:root:City: Montgomery
INFO:root:State: AL
INFO:root:Zip: 36108
INFO:root:Phone: 334.263.3784
INFO:root:Website: www.montgomeryareafoodbank.org
INFO:root:Info: 521 Trade Center Street|Montgomery, AL 36108|334.263.3784
INFO:root:
 --- 

INFO:root:Complete
INFO:root:Name: Feeding the Gulf Coast
INFO:root:Street: 5248 Mobile South Street
INFO:root:City: Theodore
INFO:root:State: AL
INFO:root:Zip: 36582
INFO:root:Phone: 251.653.1617
INFO:root:Website: www.feedingthegulfcoast.org
INFO:root:Info: 5248 Mobile South Street|Theodore, AL 36582|251.653.1617
INFO:root:
 --- 

INFO:root:Complete
INFO:root:Name: Northwest Arkansas Food Bank
INFO:root:Street: 1378 June Self Drive
INFO:root:City: Bethel Heights
INFO:root:State: AR
INFO:root:Zip: 72764
INFO:root:Phone: 479.872.8774
INFO:root:Website: www.NWAfoodbank.org
INFO:root:Info: 1378 June Self Drive|Bethel Heights, AR 72764|479.872.8774
INFO:root:
 --- 

INFO:root:Complete
INFO:root:Name: River Valley Regional Food Bank
INFO:root:Street: 1617 South Zero Street
INFO:root:City: PO Box 180070|Ft. Smith
INFO:root:State: AR
INFO:root:Zip: 72918
INFO:root:Phone: 479.785.0582
INFO:root:Website: www.rvrfoodbank.org/
INFO:root:Info: 1617 South Zero Street|PO Box 180070|Ft. Smith, AR 72918|479.785.0582
INFO:root:
 --- 

INFO:root:Complete
INFO:root:Name: Food Bank of Northeast Arkansas
INFO:root:Street: 3414 One Place
INFO:root:City: Jonesboro
INFO:root:State: AR
INFO:root:Zip: 72402
INFO:root:Phone: 870.932.3663
INFO:root:Website: www.foodbankofnea.org
INFO:root:Info: 3414 One Place|P.O. Box 2097|Jonesboro, AR 72402|870.932.3663
INFO:root:
 --- 

INFO:root:Complete
INFO:root:Name: Arkansas Foodbank
INFO:root:Street: 4301 W 65th St
INFO:root:City: Little Rock
INFO:root:State: AR
INFO:root:Zip: 72209
INFO:root:Phone: 501.565.8121
INFO:root:Website: www.arkansasfoodbank.org/
INFO:root:Info: 4301 W 65th St|Little Rock, AR 72209|501.565.8121
INFO:root:
 --- 

INFO:root:Complete
INFO:root:Name: Harvest Regional Food Bank, Inc.
INFO:root:Street: 3120 East 19th Street
INFO:root:City: Texarkana
INFO:root:State: AR
INFO:root:Zip: 71854
INFO:root:Phone: 870.774.1398
INFO:root:Website: www.harvestregionalfoodbank.org
INFO:root:Info: 3120 East 19th Street|P.O. Box 707|Texarkana, AR 71854|870.774.1398
INFO:root:
 --- 

INFO:root:Complete
INFO:root:Name: United Food Bank
INFO:root:Street: 245 South Nina Drive
INFO:root:City: Mesa
INFO:root:State: AZ
INFO:root:Zip: 85210
INFO:root:Phone: 480.926.4897
INFO:root:Website: www.unitedfoodbank.org
INFO:root:Info: 245 South Nina Drive|Mesa, AZ 85210|480.926.4897
INFO:root:
 --- 

INFO:root:Complete
INFO:root:Name: St. Mary's Food Bank Alliance
INFO:root:Street: 2831 N. 31st Avenue
INFO:root:City: Phoenix
INFO:root:State: AZ
INFO:root:Zip: 85009
INFO:root:Phone: 602.242.3663
INFO:root:Website: www.firstfoodbank.org
INFO:root:Info: 2831 N. 31st Avenue|Phoenix, AZ 85009|602.242.3663
INFO:root:
 --- 

INFO:root:Complete
INFO:root:Name: Community Food Bank of Southern Arizona
INFO:root:Street: 3003 South Country Club Road
INFO:root:City: Tucson
INFO:root:State: AZ
INFO:root:Zip: 85713
INFO:root:Phone: 520.622.0525
INFO:root:Website: www.communityfoodbank.org
INFO:root:Info: 3003 South Country Club Road|Tucson, AZ 85713|520.622.0525
INFO:root:
 --- 

INFO:root:Complete
INFO:root:Name: Yuma Community Food Bank
INFO:root:Street: 2404 E 24th St. Ste. A
INFO:root:City: Yuma
INFO:root:State: AZ
INFO:root:Zip: 85365
INFO:root:Phone: 928.343.1243
INFO:root:Website: www.yumafoodbank.org
INFO:root:Info: 2404 E 24th St. Ste. A|Yuma, AZ 85365|928.343.1243
INFO:root:
 --- 

INFO:root:Complete
INFO:root:Name: Food Bank of Contra Costa and Solano
INFO:root:Street: 4010 Nelson Ave
INFO:root:City: Concord
INFO:root:State: CA
INFO:root:Zip: 94520
INFO:root:Phone: 925.676.7543
INFO:root:Website: www.foodbankccs.org
INFO:root:Info: 4010 Nelson Ave|Concord, CA 94520|925.676.7543
INFO:root:
 --- 

INFO:root:Complete
INFO:root:Name: Central California Food Bank
INFO:root:Street: 4010 E. Hardy Ave
INFO:root:City: Fresno
INFO:root:State: CA
INFO:root:Zip: 93725
INFO:root:Phone: 559.237.2527
INFO:root:Website: ccfoodbank.org/
INFO:root:Info: 4010 E. Hardy Ave|Fresno, CA 93725|559.237.2527
INFO:root:
 --- 

INFO:root:Complete
INFO:root:Name: FIND Food Bank
INFO:root:Street: 83-775 Citrus Ave
INFO:root:City: Indio
INFO:root:State: CA
INFO:root:Zip: 92202
INFO:root:Phone: 760.775.3663
INFO:root:Website: www.FINDfoodbank.org
INFO:root:Info: 83-775 Citrus Ave|P.O. Box 10080|Indio, CA 92202|760.775.3663
INFO:root:
 --- 

INFO:root:Complete
INFO:root:Name: Second Harvest Food Bank of Orange County
INFO:root:Street: 8014 Marine Way
INFO:root:City: Irvine
INFO:root:State: CA
INFO:root:Zip: 92618
INFO:root:Phone: 949.653.2900
INFO:root:Website: www.FeedOC.org
INFO:root:Info: 8014 Marine Way|Irvine, CA 92618|949.653.2900
INFO:root:
 --- 

INFO:root:Complete
INFO:root:Name: Los Angeles Regional Food Bank
INFO:root:Street: 1734 E. 41st Street
INFO:root:City: Los Angeles
INFO:root:State: CA
INFO:root:Zip: 90058
INFO:root:Phone: 323.234.3030
INFO:root:Website: www.lafoodbank.org
INFO:root:Info: 1734 E. 41st Street|Los Angeles, CA 90058|323.234.3030
INFO:root:
 --- 

INFO:root:Complete
INFO:root:Name: Second Harvest Food Bank of San Joaquin and Stanislaus Counties
INFO:root:Street: 1220 Vanderbilt Cir
INFO:root:City: Manteca
INFO:root:State: CA
INFO:root:Zip: 95337
INFO:root:Phone: 209.239.2091
INFO:root:Website: www.localfoodbank.org
INFO:root:Info: 1220 Vanderbilt Cir|Manteca, CA 95337|209.239.2091
INFO:root:
 --- 

INFO:root:Complete
INFO:root:Name: Alameda County Community Food Bank
INFO:root:Street: 7900 Edgewater Drive
INFO:root:City: Oakland
INFO:root:State: CA
INFO:root:Zip: 94621
INFO:root:Phone: 510.635.3663
INFO:root:Website: www.accfb.org
INFO:root:Info: 7900 Edgewater Drive|P.O. Box 2599|Oakland, CA 94621|510.635.3663
INFO:root:
 --- 

INFO:root:Complete
INFO:root:Name: Food Share of Ventura County
INFO:root:Street: 4156 Southbank Road
INFO:root:City: Oxnard
INFO:root:State: CA
INFO:root:Zip: 93036
INFO:root:Phone: 805.983.7100
INFO:root:Website: www.foodshare.com
INFO:root:Info: 4156 Southbank Road|Oxnard, CA 93036|805.983.7100
INFO:root:
 --- 

INFO:root:Complete
INFO:root:Name: Feeding America Riverside San Bernardino Counties
INFO:root:Street: 2950 - A Jefferson Street
INFO:root:City: Riverside
INFO:root:State: CA
INFO:root:Zip: 92504
INFO:root:Phone: 951.359.4757
INFO:root:Website: feedingie.org/
INFO:root:Info: 2950 - A Jefferson Street|Riverside, CA 92504|951.359.4757
INFO:root:
 --- 

INFO:root:Complete
INFO:root:Name: Placer Food Bank
INFO:root:Street: 8284 Industrial Ave
INFO:root:City: Roseville
INFO:root:State: CA
INFO:root:Zip: 95678
INFO:root:Phone: 916.783.0481
INFO:root:Website: www.placerfoodbank.org
INFO:root:Info: 8284 Industrial Ave|Roseville, CA 95678|916.783.0481
INFO:root:
 --- 

INFO:root:Complete
INFO:root:Name: Food Bank for Monterey County
INFO:root:Street: 815 W. Market Street, Suite 5
INFO:root:City: Salinas
INFO:root:State: CA
INFO:root:Zip: 93901
INFO:root:Phone: 831.758.1523
INFO:root:Website: www.foodbankformontereycounty.org
INFO:root:Info: 815 W. Market Street, Suite 5|Salinas, CA 93901|831.758.1523
INFO:root:
 --- 

INFO:root:Complete
INFO:root:Name: Feeding San Diego
INFO:root:Street: 9455 Waples Street, Suite 135
INFO:root:City: San Diego
INFO:root:State: CA
INFO:root:Zip: 92121
INFO:root:Phone: 858.452.3663
INFO:root:Website: www.feedingsandiego.org
INFO:root:Info: 9455 Waples Street, Suite 135|San Diego, CA 92121|858.452.3663
INFO:root:
 --- 

INFO:root:Complete
INFO:root:Name: SF-Marin Food Banks
INFO:root:Street: 900 Pennsylvania Avenue
INFO:root:City: San Francisco
INFO:root:State: CA
INFO:root:Zip: 94107
INFO:root:Phone: 415.282.1900
INFO:root:Website: www.sfmfoodbank.org
INFO:root:Info: 900 Pennsylvania Avenue|San Francisco, CA 94107|415.282.1900
INFO:root:
 --- 

INFO:root:Complete
INFO:root:Name: Second Harvest of Silicon Valley
INFO:root:Street: 750 Curtner Avenue
INFO:root:City: San Jose
INFO:root:State: CA
INFO:root:Zip: 95125
INFO:root:Phone: 408.266.8866
INFO:root:Website: www.SHFB.org
INFO:root:Info: 750 Curtner Avenue|San Jose, CA 95125|408.266.8866
INFO:root:
 --- 

INFO:root:Complete
INFO:root:Name: Foodbank of Santa Barbara County
INFO:root:Street: 4554 Hollister Avenue
INFO:root:City: Santa Barbara
INFO:root:State: CA
INFO:root:Zip: 93110
INFO:root:Phone: 805.967.5741
INFO:root:Website: www.foodbanksbc.org
INFO:root:Info: 4554 Hollister Avenue|Santa Barbara, CA 93110|805.967.5741
INFO:root:
 --- 

INFO:root:Complete
INFO:root:Name: Redwood Empire Food Bank
INFO:root:Street: 3990 Brickway Blvd
INFO:root:City: Santa Rosa
INFO:root:State: CA
INFO:root:Zip: 95403
INFO:root:Phone: 707.523.7900
INFO:root:Website: www.refb.org
INFO:root:Info: 3990 Brickway Blvd|Santa Rosa, CA 95403|707.523.7900
INFO:root:
 --- 

INFO:root:Complete
INFO:root:Name: Second Harvest Food Bank Santa Cruz County
INFO:root:Street: 800 Ohlone Parkway
INFO:root:City: Watsonville
INFO:root:State: CA
INFO:root:Zip: 95076
INFO:root:Phone: 831.722.7110
INFO:root:Website: www.thefoodbank.org
INFO:root:Info: 800 Ohlone Parkway|Watsonville, CA 95076|831.722.7110
INFO:root:
 --- 

INFO:root:Complete
INFO:root:Name: Care and Share Food Bank
INFO:root:Street: 2605 Preamble Point
INFO:root:City: Colorado Springs
INFO:root:State: CO
INFO:root:Zip: 80915
INFO:root:Phone: 719.528.1247
INFO:root:Website: www.careandshare.org
INFO:root:Info: 2605 Preamble Point|Colorado Springs, CO 80915|719.528.1247
INFO:root:
 --- 

INFO:root:Complete
INFO:root:Name: Food Bank of the Rockies
INFO:root:Street: 10700 E. 45th Ave
INFO:root:City: Denver
INFO:root:State: CO
INFO:root:Zip: 80239
INFO:root:Phone: 303.371.9250
INFO:root:Website: www.foodbankrockies.org
INFO:root:Info: 10700 E. 45th Ave|Denver, CO 80239|303.371.9250
INFO:root:
 --- 

INFO:root:Complete
INFO:root:Name: Weld Food Bank
INFO:root:Street: 1108 H Street
INFO:root:City: Greeley
INFO:root:State: CO
INFO:root:Zip: 80631
INFO:root:Phone: 970.356.2199
INFO:root:Website: www.weldfoodbank.org
INFO:root:Info: 1108 H Street|Greeley, CO 80631|970.356.2199
INFO:root:
 --- 

INFO:root:Complete
INFO:root:Name: Community Food Share
INFO:root:Street: 650 S. Taylor Ave.
INFO:root:City: Louisville
INFO:root:State: CO
INFO:root:Zip: 80027
INFO:root:Phone: 303.652.3663
INFO:root:Website: communityfoodshare.org/
INFO:root:Info: 650 S. Taylor Ave.|Louisville, CO 80027|303.652.3663
INFO:root:
 --- 

INFO:root:Complete
INFO:root:Name: Food Bank for Larimer County
INFO:root:Street: 5706 Wright Drive
INFO:root:City: Loveland
INFO:root:State: CO
INFO:root:Zip: 80538
INFO:root:Phone: 970.493.4477
INFO:root:Website: www.foodbanklarimer.org
INFO:root:Info: 5706 Wright Drive|Loveland, CO 80538|970.493.4477
INFO:root:
 --- 

INFO:root:Complete
INFO:root:Name: Foodshare
INFO:root:Street: 450 Woodland Avenue
INFO:root:City: Bloomfield
INFO:root:State: CT
INFO:root:Zip: 06002
INFO:root:Phone: 860.286.9999
INFO:root:Website: www.foodshare.org
INFO:root:Info: 450 Woodland Avenue|Bloomfield, CT 06002|860.286.9999
INFO:root:
 --- 

INFO:root:Complete
INFO:root:Name: Connecticut Food Bank
INFO:root:Street: 2 Research Parkway
INFO:root:City: Wallingford
INFO:root:State: CT
INFO:root:Zip: 06492
INFO:root:Phone: 203.469.5000
INFO:root:Website: www.ctfoodbank.org
INFO:root:Info: 2 Research Parkway|Wallingford, CT 06492|203.469.5000
INFO:root:
 --- 

INFO:root:Complete
INFO:root:Name: Capital Area Food Bank
INFO:root:Street: 4900 Puerto Rico Ave NE
INFO:root:City: Washington
INFO:root:State: DC
INFO:root:Zip: 20017
INFO:root:Phone: 202.526.5344
INFO:root:Website: www.capitalareafoodbank.org
INFO:root:Info: 4900 Puerto Rico Ave NE|Washington, DC 20017|202.526.5344
INFO:root:
 --- 

INFO:root:Complete
INFO:root:Name: Food Bank of Delaware
INFO:root:Street: 222 Lake Drive
INFO:root:City: Newark
INFO:root:State: DE
INFO:root:Zip: 19702
INFO:root:Phone: 302.292.1305
INFO:root:Website: www.fbd.org
INFO:root:Info: 222 Lake Drive|Newark, DE 19702|302.292.1305
INFO:root:
 --- 

INFO:root:Complete
INFO:root:Name: Harry Chapin Food Bank of Southwest Florida
INFO:root:Street: 3760 Fowler St.
INFO:root:City: Ft. Myers
INFO:root:State: FL
INFO:root:Zip: 33901
INFO:root:Phone: 239.334.7007
INFO:root:Website: www.harrychapinfoodbank.org
INFO:root:Info: 3760 Fowler St.|Ft. Myers, FL 33901|239.334.7007
INFO:root:
 --- 

INFO:root:Complete
INFO:root:Name: Treasure Coast Food Bank
INFO:root:Street: 401 Angle Rd.
INFO:root:City: Ft. Pierce
INFO:root:State: FL
INFO:root:Zip: 34947
INFO:root:Phone: 772.489.3034
INFO:root:Website: www.stophunger.org
INFO:root:Info: 401 Angle Rd.|Ft. Pierce, FL 34947|772.489.3034
INFO:root:
 --- 

INFO:root:Complete
INFO:root:Name: Feeding Northeast Florida
INFO:root:Street: 1116 Edgewood Avenue North, Units D and E
INFO:root:City: Jacksonville
INFO:root:State: FL
INFO:root:Zip: 32254
INFO:root:Phone: 904.513.1333
INFO:root:Website: www.FeedingNEFL.org
INFO:root:Info: 1116 Edgewood Avenue North, Units D and E|Jacksonville, FL 32254|904.513.1333
INFO:root:
 --- 

INFO:root:Complete
INFO:root:Name: Second Harvest Food Bank of Central Florida
INFO:root:Street: 411 Mercy Drive
INFO:root:City: Orlando
INFO:root:State: FL
INFO:root:Zip: 32805
INFO:root:Phone: 407.295.1066
INFO:root:Website: www.feedhopenow.org
INFO:root:Info: 411 Mercy Drive|Orlando, FL 32805|407.295.1066
INFO:root:
 --- 

INFO:root:Complete
INFO:root:Name: Feeding South Florida
INFO:root:Street: 2501 SW 32 Terrace
INFO:root:City: Pembroke Park
INFO:root:State: FL
INFO:root:Zip: 33023
INFO:root:Phone: 954.518.1818
INFO:root:Website: www.feedingsouthflorida.org
INFO:root:Info: 2501 SW 32 Terrace|Pembroke Park, FL 33023|954.518.1818
INFO:root:
 --- 

INFO:root:Complete
INFO:root:Name: All Faiths Food Bank
INFO:root:Street: 8171 Blaikie Ct.
INFO:root:City: Sarasota
INFO:root:State: FL
INFO:root:Zip: 34240
INFO:root:Phone: 941.379.6333
INFO:root:Website: www.allfaithsfoodbank.org
INFO:root:Info: 8171 Blaikie Ct.|Sarasota, FL 34240|941.379.6333
INFO:root:
 --- 

INFO:root:Complete
INFO:root:Name: Second Harvest of the Big Bend, Inc.
INFO:root:Street: 4446 Entrepot Blvd
INFO:root:City: Tallahassee
INFO:root:State: FL
INFO:root:Zip: 32310
INFO:root:Phone: 850.562.3033
INFO:root:Website: www.fightinghunger.org
INFO:root:Info: 4446 Entrepot Blvd|Tallahassee, FL 32310|850.562.3033
INFO:root:
 --- 

INFO:root:Complete
INFO:root:Name: Feeding Tampa Bay
INFO:root:Street: 4702 Transport Dr., Bldg. 6
INFO:root:City: Tampa
INFO:root:State: FL
INFO:root:Zip: 33605
INFO:root:Phone: 813.254.1190
INFO:root:Website: feedingtampabay.org
INFO:root:Info: 4702 Transport Dr., Bldg. 6|Tampa, FL 33605|813.254.1190
INFO:root:
 --- 

INFO:root:Complete
INFO:root:Name: Food Bank of Northeast Georgia
INFO:root:Street: 861 Newton Bridge Road
INFO:root:City: Athens
INFO:root:State: GA
INFO:root:Zip: 30604
INFO:root:Phone: 706.354.8191
INFO:root:Website: www.foodbanknega.org
INFO:root:Info: 861 Newton Bridge Road|P.O. Box 48857|Athens, GA 30604|706.354.8191
INFO:root:
 --- 

INFO:root:Complete
INFO:root:Name: Atlanta Community Food Bank
INFO:root:Street: 3400 N Desert Dr
INFO:root:City: Atlanta
INFO:root:State: GA
INFO:root:Zip: 30344
INFO:root:Phone: 404.892.9822
INFO:root:Website: www.acfb.org
INFO:root:Info: 3400 N Desert Dr|Atlanta, GA 30344|404.892.9822
INFO:root:
 --- 

INFO:root:Complete
INFO:root:Name: Golden Harvest Food Bank
INFO:root:Street: 3310 Commerce Drive
INFO:root:City: Augusta
INFO:root:State: GA
INFO:root:Zip: 30909
INFO:root:Phone: 706.736.1199
INFO:root:Website: www.goldenharvest.org
INFO:root:Info: 3310 Commerce Drive|Augusta, GA 30909|706.736.1199
INFO:root:
 --- 

INFO:root:Complete
INFO:root:Name: Middle Georgia Community Food Bank
INFO:root:Street: 4490 Ocmulgee East Boulevard
INFO:root:City: PO Box 5024|Macon
INFO:root:State: GA
INFO:root:Zip: 31217
INFO:root:Phone: 478.742.3958
INFO:root:Website: www.mgcfb.org
INFO:root:Info: 4490 Ocmulgee East Boulevard|PO Box 5024|Macon, GA 31217|478.742.3958
INFO:root:
 --- 

INFO:root:Complete
INFO:root:Name: Feeding the Valley Food Bank
INFO:root:Street: 6744 Flat Rock Road
INFO:root:City: Midland
INFO:root:State: GA
INFO:root:Zip: 31820
INFO:root:Phone: 706.561.4755
INFO:root:Website: www.feedingthevalley.org
INFO:root:Info: 6744 Flat Rock Road|Midland, GA 31820|706.561.4755
INFO:root:
 --- 

INFO:root:Complete
INFO:root:Name: America's Second Harvest of Coastal Georgia, Inc.
INFO:root:Street: 2501 East President Street
INFO:root:City: Savannah
INFO:root:State: GA
INFO:root:Zip: 31404
INFO:root:Phone: 912.236.6750
INFO:root:Website: www.helpendhunger.org
INFO:root:Info: 2501 East President Street|Savannah, GA 31404|912.236.6750
INFO:root:
 --- 

INFO:root:Complete
INFO:root:Name: Second Harvest of South Georgia, Inc
INFO:root:Street: 1411 Harbin Circle
INFO:root:City: Valdosta
INFO:root:State: GA
INFO:root:Zip: 31601
INFO:root:Phone: 229.244.2678
INFO:root:Website: www.feedingsga.org
INFO:root:Info: 1411 Harbin Circle|Valdosta, GA 31601|229.244.2678
INFO:root:
 --- 

INFO:root:Complete
INFO:root:Name: Hawaii Foodbank, Inc.
INFO:root:Street: 2611 Kilihau St
INFO:root:City: Honolulu
INFO:root:State: HI
INFO:root:Zip: 96819
INFO:root:Phone: 808.836.3600
INFO:root:Website: www.hawaiifoodbank.org
INFO:root:Info: 2611 Kilihau St|Honolulu, HI 96819|808.836.3600
INFO:root:
 --- 

INFO:root:Complete
INFO:root:Name: River Bend Foodbank
INFO:root:Street: 4010 Kimmel Drive
INFO:root:City: Davenport
INFO:root:State: IA
INFO:root:Zip: 52802
INFO:root:Phone: 563.345.6490
INFO:root:Website: www.riverbendfoodbank.org/
INFO:root:Info: 4010 Kimmel Drive|Davenport, IA 52802|563.345.6490
INFO:root:
 --- 

INFO:root:Complete
INFO:root:Name: Food Bank of Iowa
INFO:root:Street: 2220 E. 17th Street
INFO:root:City: Des Moines
INFO:root:State: IA
INFO:root:Zip: 50316
INFO:root:Phone: 515.564.0330
INFO:root:Website: www.foodbankiowa.org
INFO:root:Info: 2220 E. 17th Street|P.O. Box 1517|Des Moines, IA 50316|515.564.0330
INFO:root:
 --- 

INFO:root:Complete
INFO:root:Name: HACAP Food Reservoir
INFO:root:Street: 1515 Hawkeye Drive
INFO:root:City: PO Box 490|Hiawatha
INFO:root:State: IA
INFO:root:Zip: 52233
INFO:root:Phone: 319.393.7811
INFO:root:Website: www.hacap.org
INFO:root:Info: 1515 Hawkeye Drive|PO Box 490|Hiawatha, IA 52233|319.393.7811
INFO:root:
 --- 

INFO:root:Complete
INFO:root:Name: Northeast Iowa Food Bank
INFO:root:Street: 1605 Lafayette Steet
INFO:root:City: PO Box 2397|Waterloo
INFO:root:State: IA
INFO:root:Zip: 50703
INFO:root:Phone: 319.235.0507
INFO:root:Website: www.northeastiowafoodbank.org
INFO:root:Info: 1605 Lafayette Steet|PO Box 2397|Waterloo, IA 50703|319.235.0507
INFO:root:
 --- 

INFO:root:Complete
INFO:root:Name: The Idaho Foodbank
INFO:root:Street: 3562 South TK Avenue
INFO:root:City: Boise
INFO:root:State: ID
INFO:root:Zip: 83705
INFO:root:Phone: 208.336.9643
INFO:root:Website: www.idahofoodbank.org
INFO:root:Info: 3562 South TK Avenue|Boise, ID 83705|208.336.9643
INFO:root:
 --- 

INFO:root:Complete
INFO:root:Name: Greater Chicago Food Depository
INFO:root:Street: 4100 West Ann Lurie Place
INFO:root:City: Chicago
INFO:root:State: IL
INFO:root:Zip: 60632
INFO:root:Phone: 773.247.3663
INFO:root:Website: www.chicagosfoodbank.org
INFO:root:Info: 4100 West Ann Lurie Place|Chicago, IL 60632|773.247.3663
INFO:root:
 --- 

INFO:root:Complete
INFO:root:Name: Northern Illinois Food Bank
INFO:root:Street: 273 Dearborn Court
INFO:root:City: Geneva
INFO:root:State: IL
INFO:root:Zip: 60134
INFO:root:Phone: 630.443.6916
INFO:root:Website: www.SolveHungerToday.org
INFO:root:Info: 273 Dearborn Court|Geneva, IL 60134|630.443.6916
INFO:root:
 --- 

INFO:root:Complete
INFO:root:Name: Central Illinois Foodbank
INFO:root:Street: 1937 E. Cook
INFO:root:City: Springfield
INFO:root:State: IL
INFO:root:Zip: 62703
INFO:root:Phone: 217.522.4022
INFO:root:Website: www.centralilfoodbank.org
INFO:root:Info: 1937 E. Cook|Springfield, IL 62703|217.522.4022
INFO:root:
 --- 

INFO:root:Complete
INFO:root:Name: Eastern Illinois Foodbank
INFO:root:Street: 2405 North Shore Drive
INFO:root:City: Urbana
INFO:root:State: IL
INFO:root:Zip: 61802
INFO:root:Phone: 217.328.3663
INFO:root:Website: www.eifoodbank.org
INFO:root:Info: 2405 North Shore Drive|Urbana, IL 61802|217.328.3663
INFO:root:
 --- 

INFO:root:Complete
INFO:root:Name: Hoosier Hills Food Bank
INFO:root:Street: 2333 West Industrial Park Drive
INFO:root:City: PO Box 697|Bloomington
INFO:root:State: IN
INFO:root:Zip: 47404
INFO:root:Phone: 812.334.8374
INFO:root:Website: www.hhfoodbank.org
INFO:root:Info: 2333 West Industrial Park Drive|PO Box 697|Bloomington, IN 47404|812.334.8374
INFO:root:
 --- 

INFO:root:Complete
INFO:root:Name: Tri-State Food Bank, Inc.
INFO:root:Street: 801 E. Michigan Street
INFO:root:City: Evansville
INFO:root:State: IN
INFO:root:Zip: 47711
INFO:root:Phone: 812.425.0775
INFO:root:Website: www.tristatefoodbank.org
INFO:root:Info: 801 E. Michigan Street|Evansville, IN 47711|812.425.0775
INFO:root:
 --- 

INFO:root:Complete
INFO:root:Name: Community Harvest Food Bank of Northeast Indiana, Inc.
INFO:root:Street: 999 East Tillman Road
INFO:root:City: P. O. Box 10967|Fort Wayne
INFO:root:State: IN
INFO:root:Zip: 46855
INFO:root:Phone: 260.447.3696
INFO:root:Website: www.chfb.org
INFO:root:Info: 999 East Tillman Road|P. O. Box 10967|Fort Wayne, IN 46855|260.447.3696
INFO:root:
 --- 

INFO:root:Complete
INFO:root:Name: Gleaners Food Bank of Indiana, Inc.
INFO:root:Street: 3737 Waldemere Ave.
INFO:root:City: Indianapolis
INFO:root:State: IN
INFO:root:Zip: 46241
INFO:root:Phone: 317.925.0191
INFO:root:Website: www.gleaners.org
INFO:root:Info: 3737 Waldemere Ave.|Indianapolis, IN 46241|317.925.0191
INFO:root:
 --- 

INFO:root:Complete
INFO:root:Name: Food Finders Food Bank Inc.
INFO:root:Street: 1204 Greenbush Street
INFO:root:City: Lafayette
INFO:root:State: IN
INFO:root:Zip: 47904
INFO:root:Phone: 765.471.0062
INFO:root:Website: www.food-finders.org
INFO:root:Info: 1204 Greenbush Street|Lafayette, IN 47904|765.471.0062
INFO:root:
 --- 

INFO:root:Complete
INFO:root:Name: Food Bank of Northwest Indiana, Inc.
INFO:root:Street: 6490 Broadway
INFO:root:City: Merrillville
INFO:root:State: IN
INFO:root:Zip: 46410
INFO:root:Phone: 219.980.1777
INFO:root:Website: www.foodbanknwi.org/
INFO:root:Info: 6490 Broadway|Merrillville, IN 46410|219.980.1777
INFO:root:
 --- 

INFO:root:Complete
INFO:root:Name: Second Harvest Food Bank of East Central Indiana, Inc.
INFO:root:Street: 6621 N. Old SR 3
INFO:root:City: Muncie
INFO:root:State: IN
INFO:root:Zip: 47303
INFO:root:Phone: 765.287.8698
INFO:root:Website: www.curehunger.org
INFO:root:Info: 6621 N. Old SR 3|Muncie, IN 47303|765.287.8698
INFO:root:
 --- 

INFO:root:Complete
INFO:root:Name: Food Bank of Northern Indiana
INFO:root:Street: 702 South Chapin Street
INFO:root:City: South Bend
INFO:root:State: IN
INFO:root:Zip: 46601
INFO:root:Phone: 574.232.9986
INFO:root:Website: www.feedindiana.org
INFO:root:Info: 702 South Chapin Street|South Bend, IN 46601|574.232.9986
INFO:root:
 --- 

INFO:root:Complete
INFO:root:Name: Terre Haute Catholic Charities Foodbank
INFO:root:Street: 430 N 14th 1/2 St
INFO:root:City: Terre Haute
INFO:root:State: IN
INFO:root:Zip: 47807
INFO:root:Phone: 812.235.3424
INFO:root:Website: www.archindy.org/cc/terrehaute/programs-foodbank.html
INFO:root:Info: 430 N 14th 1/2 St|Terre Haute, IN 47807|812.235.3424
INFO:root:
 --- 

INFO:root:Complete
INFO:root:Name: Kansas Food Bank
INFO:root:Street: 1919 E. Douglas
INFO:root:City: Wichita
INFO:root:State: KS
INFO:root:Zip: 67211
INFO:root:Phone: 316.265.3663
INFO:root:Website: www.kansasfoodbank.org
INFO:root:Info: 1919 E. Douglas|Wichita, KS 67211|316.265.3663
INFO:root:
 --- 

INFO:root:Complete
INFO:root:Name: Feeding America, Kentucky’s Heartland
INFO:root:Street: 313 Peterson Dr.,
INFO:root:City: PO Box 821|Elizabethtown
INFO:root:State: KY
INFO:root:Zip: 42701
INFO:root:Phone: 270.769.6997
INFO:root:Website: www.feedingamericaky.org
INFO:root:Info: 313 Peterson Dr.,|PO Box 821|Elizabethtown, KY 42701|270.769.6997
INFO:root:
 --- 

INFO:root:Complete
INFO:root:Name: God's Pantry Food Bank, Inc.
INFO:root:Street: 1685 Jaggie Fox Way
INFO:root:City: Lexington
INFO:root:State: KY
INFO:root:Zip: 40511
INFO:root:Phone: 859.255.6592
INFO:root:Website: www.godspantry.org
INFO:root:Info: 1685 Jaggie Fox Way|Lexington, KY 40511|859.255.6592
INFO:root:
 --- 

INFO:root:Complete
INFO:root:Name: Dare to Care Food Bank
INFO:root:Street: 5803 Fern Valley Road
INFO:root:City: PO Box 35458|Louisville
INFO:root:State: KY
INFO:root:Zip: 40232
INFO:root:Phone: 502.966.3821
INFO:root:Website: www.daretocare.org
INFO:root:Info: 5803 Fern Valley Road|PO Box 35458|Louisville, KY 40232|502.966.3821
INFO:root:
 --- 

INFO:root:Complete
INFO:root:Name: Food Bank of Central Louisiana
INFO:root:Street: 3223 Baldwin Avenue
INFO:root:City: Alexandria
INFO:root:State: LA
INFO:root:Zip: 71301
INFO:root:Phone: 318.445.2773
INFO:root:Website: www.fbcenla.org
INFO:root:Info: 3223 Baldwin Avenue|Alexandria, LA 71301|318.445.2773
INFO:root:
 --- 

INFO:root:Complete
INFO:root:Name: Greater Baton Rouge Food Bank
INFO:root:Street: 10600 S. Choctaw Drive
INFO:root:City: Post Office Box 45830|Baton Rouge
INFO:root:State: LA
INFO:root:Zip: 70815
INFO:root:Phone: 225.359.9940
INFO:root:Website: www.brfoodbank.org
INFO:root:Info: 10600 S. Choctaw Drive|Post Office Box 45830|Baton Rouge, LA 70815|225.359.9940
INFO:root:
 --- 

INFO:root:Complete
INFO:root:Name: Food Bank of Northeast Louisiana
INFO:root:Street: 4600 Central Ave
INFO:root:City: PO Box 5048|Monroe
INFO:root:State: LA
INFO:root:Zip: 71211
INFO:root:Phone: 318.322.3567
INFO:root:Website: www.foodbanknela.org/
INFO:root:Info: 4600 Central Ave|PO Box 5048|Monroe, LA 71211|318.322.3567
INFO:root:
 --- 

INFO:root:Complete
INFO:root:Name: Second Harvest Food Bank of Greater New Orleans and Acadiana
INFO:root:Street: 700 Edwards Avenue
INFO:root:City: New Orleans
INFO:root:State: LA
INFO:root:Zip: 70123
INFO:root:Phone: 504.734.1322
INFO:root:Website: www.no-hunger.org
INFO:root:Info: 700 Edwards Avenue|New Orleans, LA 70123|504.734.1322
INFO:root:
 --- 

INFO:root:Complete
INFO:root:Name: Food Bank of Northwest Louisiana
INFO:root:Street: 2307 Texas Avenue
INFO:root:City: Shreveport
INFO:root:State: LA
INFO:root:Zip: 71103
INFO:root:Phone: 318.675.2400
INFO:root:Website: www.foodbanknla.org/
INFO:root:Info: 2307 Texas Avenue|Shreveport, LA 71103|318.675.2400
INFO:root:
 --- 

INFO:root:Complete
INFO:root:Name: The Greater Boston Food Bank
INFO:root:Street: 70 South Bay Ave
INFO:root:City: Boston
INFO:root:State: MA
INFO:root:Zip: 02118
INFO:root:Phone: 617.427.5200
INFO:root:Website: www.gbfb.org
INFO:root:Info: 70 South Bay Ave|Boston, MA 02118|617.427.5200
INFO:root:
 --- 

INFO:root:Complete
INFO:root:Name: The Food Bank of Western Massachusetts
INFO:root:Street: 97 North Hatfield Road
INFO:root:City: PO Box 160|Hatfield
INFO:root:State: MA
INFO:root:Zip: 01038
INFO:root:Phone: 413.247.9738
INFO:root:Website: www.foodbankwma.org
INFO:root:Info: 97 North Hatfield Road|PO Box 160|Hatfield, MA 01038|413.247.9738
INFO:root:
 --- 

INFO:root:Complete
INFO:root:Name: Worcester County Food Bank, Inc.
INFO:root:Street: 474 Boston Turnpike
INFO:root:City: Shrewsbury
INFO:root:State: MA
INFO:root:Zip: 01545
INFO:root:Phone: 508.842.3663
INFO:root:Website: www.foodbank.org
INFO:root:Info: 474 Boston Turnpike|Shrewsbury, MA 01545|508.842.3663
INFO:root:
 --- 

INFO:root:Complete
INFO:root:Name: Maryland Food Bank
INFO:root:Street: 2200 Halethorpe Farms Road
INFO:root:City: Baltimore
INFO:root:State: MD
INFO:root:Zip: 21227
INFO:root:Phone: 410.737.8282
INFO:root:Website: www.mdfoodbank.org
INFO:root:Info: 2200 Halethorpe Farms Road|Baltimore, MD 21227|410.737.8282
INFO:root:
 --- 

INFO:root:Complete
INFO:root:Name: Good Shepherd Food Bank
INFO:root:Street: 3121 Hotel Road
INFO:root:City: PO Box 1807|Auburn
INFO:root:State: ME
INFO:root:Zip: 04211
INFO:root:Phone: 207.782.3554
INFO:root:Website: www.gsfb.org
INFO:root:Info: 3121 Hotel Road|PO Box 1807|Auburn, ME 04211|207.782.3554
INFO:root:
 --- 

INFO:root:Complete
INFO:root:Name: Food Gatherers
INFO:root:Street: 1 Carrot Way
INFO:root:City: Ann Arbor
INFO:root:State: MI
INFO:root:Zip: 48105
INFO:root:Phone: 734.761.2796
INFO:root:Website: www.foodgatherers.org
INFO:root:Info: 1 Carrot Way|P.O. Box 131037|Ann Arbor, MI 48105|734.761.2796
INFO:root:
 --- 

INFO:root:Complete
INFO:root:Name: South Michigan Food Bank
INFO:root:Street: 5451 Wayne Road
INFO:root:City: Battle Creek
INFO:root:State: MI
INFO:root:Zip: 49016
INFO:root:Phone: 269.964.3663
INFO:root:Website: smfoodbank.org/
INFO:root:Info: 5451 Wayne Road|P.O. Box 408|Battle Creek, MI 49016|269.964.3663
INFO:root:
 --- 

INFO:root:Complete
INFO:root:Name: Feeding America West Michigan Food Bank
INFO:root:Street: 864 West River Center Drive
INFO:root:City: Comstock Park
INFO:root:State: MI
INFO:root:Zip: 49321
INFO:root:Phone: 616.784.3250
INFO:root:Website: www.FeedWM.org
INFO:root:Info: 864 West River Center Drive|Comstock Park, MI 49321|616.784.3250
INFO:root:
 --- 

INFO:root:Complete
INFO:root:Name: Gleaners Community Food Bank of Southeastern Michigan
INFO:root:Street: 2131 Beaufait Street
INFO:root:City: Detroit
INFO:root:State: MI
INFO:root:Zip: 48207
INFO:root:Phone: 313.923.3535
INFO:root:Website: www.gcfb.org
INFO:root:Info: 2131 Beaufait Street|Detroit, MI 48207|313.923.3535
INFO:root:
 --- 

INFO:root:Complete
INFO:root:Name: Food Bank of Eastern Michigan
INFO:root:Street: 2300 Lapeer Road
INFO:root:City: Flint
INFO:root:State: MI
INFO:root:Zip: 48503
INFO:root:Phone: 810.239.4441
INFO:root:Website: www.fbem.org
INFO:root:Info: 2300 Lapeer Road|Flint, MI 48503|810.239.4441
INFO:root:
 --- 

INFO:root:Complete
INFO:root:Name: Greater Lansing Food Bank
INFO:root:Street: 919 Filley St.
INFO:root:City: Lansing
INFO:root:State: MI
INFO:root:Zip: 48906
INFO:root:Phone: 517.853.7800
INFO:root:Website: www.greaterlansingfoodbank.org
INFO:root:Info: 919 Filley St.|Lansing, MI 48906|517.853.7800
INFO:root:
 --- 

INFO:root:Complete
INFO:root:Name: Forgotten Harvest
INFO:root:Street: 21800 Greenfield Road
INFO:root:City: Oak Park
INFO:root:State: MI
INFO:root:Zip: 48237
INFO:root:Phone: 248.967.1500
INFO:root:Website: www.forgottenharvest.org
INFO:root:Info: 21800 Greenfield Road|Oak Park, MI 48237|248.967.1500
INFO:root:
 --- 

INFO:root:Complete
INFO:root:Name: Second Harvest Northern Lakes Food Bank
INFO:root:Street: 4503 Airpark Boulevard
INFO:root:City: Duluth
INFO:root:State: MN
INFO:root:Zip: 55811
INFO:root:Phone: 218.727.5653
INFO:root:Website: www.northernlakesfoodbank.org
INFO:root:Info: 4503 Airpark Boulevard|Duluth, MN 55811|218.727.5653
INFO:root:
 --- 

INFO:root:Complete
INFO:root:Name: North Country Food Bank, Inc.
INFO:root:Street: 1011 11th Ave. NE
INFO:root:City: East Grand Forks
INFO:root:State: MN
INFO:root:Zip: 56721
INFO:root:Phone: 218.399.7356
INFO:root:Website: northcountryfoodbank.org
INFO:root:Info: 1011 11th Ave. NE|East Grand Forks, MN 56721|218.399.7356
INFO:root:
 --- 

INFO:root:Complete
INFO:root:Name: Second Harvest North Central Food Bank
INFO:root:Street: 2222 Cromell Drive
INFO:root:City: PO Box 5130|Grand Rapids
INFO:root:State: MN
INFO:root:Zip: 55744
INFO:root:Phone: 218.326.4420
INFO:root:Website: www.secondharvestncfb.com
INFO:root:Info: 2222 Cromell Drive|PO Box 5130|Grand Rapids, MN 55744|218.326.4420
INFO:root:
 --- 

INFO:root:Complete
INFO:root:Name: Channel One Food Bank
INFO:root:Street: 131 35th Street, SE
INFO:root:City: Rochester
INFO:root:State: MN
INFO:root:Zip: 55904
INFO:root:Phone: 507.424.1700
INFO:root:Website: www.helpingfeedpeople.org
INFO:root:Info: 131 35th Street, SE|Rochester, MN 55904|507.424.1700
INFO:root:
 --- 

INFO:root:Complete
INFO:root:Name: Second Harvest Heartland
INFO:root:Street: 1140 Gervais Avenue
INFO:root:City: St. Paul
INFO:root:State: MN
INFO:root:Zip: 55109
INFO:root:Phone: 651.484.5117
INFO:root:Website: www.2harvest.org
INFO:root:Info: 1140 Gervais Avenue|St. Paul, MN 55109|651.484.5117
INFO:root:
 --- 

INFO:root:Complete
INFO:root:Name: St. Louis Area Foodbank
INFO:root:Street: 70 Corporate Woods Drive
INFO:root:City: Bridgeton
INFO:root:State: MO
INFO:root:Zip: 63044
INFO:root:Phone: 314.292.6262
INFO:root:Website: stlfoodbank.org/
INFO:root:Info: 70 Corporate Woods Drive|Bridgeton, MO 63044|314.292.6262
INFO:root:
 --- 

INFO:root:Complete
INFO:root:Name: The Food Bank for Central & Northeast Missouri
INFO:root:Street: 2101 Vandiver Drive, Suite B
INFO:root:City: Columbia
INFO:root:State: MO
INFO:root:Zip: 65202
INFO:root:Phone: 573.474.1020
INFO:root:Website: www.sharefoodbringhope.org
INFO:root:Info: 2101 Vandiver Drive, Suite B|Columbia, MO 65202|573.474.1020
INFO:root:
 --- 

INFO:root:Complete
INFO:root:Name: Harvesters - The Community Food Network
INFO:root:Street: 3801 Topping Avenue
INFO:root:City: Kansas City
INFO:root:State: MO
INFO:root:Zip: 64129
INFO:root:Phone: 816.929.3000
INFO:root:Website: www.harvesters.org
INFO:root:Info: 3801 Topping Avenue|Kansas City, MO 64129|816.929.3000
INFO:root:
 --- 

INFO:root:Complete
INFO:root:Name: Southeast Missouri Food Bank
INFO:root:Street: 600 State Highway H
INFO:root:City: PO Box 190|Sikeston
INFO:root:State: MO
INFO:root:Zip: 63801
INFO:root:Phone: 855.703.3663
INFO:root:Website: www.semofoodbank.org
INFO:root:Info: 600 State Highway H|PO Box 190|Sikeston, MO 63801|855.703.3663
INFO:root:
 --- 

INFO:root:Complete
INFO:root:Name: Ozarks Food Harvest
INFO:root:Street: 2810 N. Cedarbrook Ave
INFO:root:City: Springfield
INFO:root:State: MO
INFO:root:Zip: 65803
INFO:root:Phone: 417.865.3411
INFO:root:Website: www.ozarksfoodharvest.org
INFO:root:Info: 2810 N. Cedarbrook Ave|Springfield, MO 65803|417.865.3411
INFO:root:
 --- 

INFO:root:Complete
INFO:root:Name: Second Harvest Community Food Bank
INFO:root:Street: 915 Douglas
INFO:root:City: St. Joseph
INFO:root:State: MO
INFO:root:Zip: 64505
INFO:root:Phone: 816.364.3663
INFO:root:Website: www.shcfb.org
INFO:root:Info: 915 Douglas|St. Joseph, MO 64505|816.364.3663
INFO:root:
 --- 

INFO:root:Complete
INFO:root:Name: Mississippi Food Network
INFO:root:Street: 440 W. Beatty Street
INFO:root:City: PO Box 411|Jackson
INFO:root:State: MS
INFO:root:Zip: 39205
INFO:root:Phone: 601.973.7080
INFO:root:Website: www.msfoodnet.org
INFO:root:Info: 440 W. Beatty Street|PO Box 411|Jackson, MS 39205|601.973.7080
INFO:root:
 --- 

INFO:root:Complete
INFO:root:Name: Montana Food Bank Network
INFO:root:Street: 5625 Expressway
INFO:root:City: Missoula
INFO:root:State: MT
INFO:root:Zip: 59808
INFO:root:Phone: 406.721.3825
INFO:root:Website: www.mfbn.org
INFO:root:Info: 5625 Expressway|Missoula, MT 59808|406.721.3825
INFO:root:
 --- 

INFO:root:Complete
INFO:root:Name: MANNA FoodBank
INFO:root:Street: 627 Swannanoa River Rd
INFO:root:City: Asheville
INFO:root:State: NC
INFO:root:Zip: 28805
INFO:root:Phone: 828.299.3663
INFO:root:Website: www.mannafoodbank.org
INFO:root:Info: 627 Swannanoa River Rd|Asheville, NC 28805|828.299.3663
INFO:root:
 --- 

INFO:root:Complete
INFO:root:Name: Second Harvest Food Bank of Metrolina
INFO:root:Street: 500 B Spratt St.
INFO:root:City: Charlotte
INFO:root:State: NC
INFO:root:Zip: 28206
INFO:root:Phone: 704.376.1785
INFO:root:Website: www.secondharvestmetrolina.org/
INFO:root:Info: 500 B Spratt St.|Charlotte, NC 28206|704.376.1785
INFO:root:
 --- 

INFO:root:Complete
INFO:root:Name: Food Bank of the Albemarle
INFO:root:Street: 109 Tidewater Way
INFO:root:City: P. O. Box 1704|Elizabeth City
INFO:root:State: NC
INFO:root:Zip: 27906
INFO:root:Phone: 252.335.4035
INFO:root:Website: www.afoodbank.org
INFO:root:Info: 109 Tidewater Way|P. O. Box 1704|Elizabeth City, NC 27906|252.335.4035
INFO:root:
 --- 

INFO:root:Complete
INFO:root:Name: Second Harvest Food Bank of Southeast North Carolina
INFO:root:Street: 406 Deep Creek Road, PO Box 2009
INFO:root:City: Fayetteville
INFO:root:State: NC
INFO:root:Zip: 28302
INFO:root:Phone: 910.485.8809
INFO:root:Website: hungercantwait.org
INFO:root:Info: 406 Deep Creek Road, PO Box 2009|Fayetteville, NC 28302|910.485.8809
INFO:root:
 --- 

INFO:root:Complete
INFO:root:Name: Food Bank of Central & Eastern North Carolina
INFO:root:Street: 1924 Capital Boulevard
INFO:root:City: Raleigh
INFO:root:State: NC
INFO:root:Zip: 27604
INFO:root:Phone: 919.875.0707
INFO:root:Website: www.foodbankcenc.org
INFO:root:Info: 1924 Capital Boulevard|Raleigh, NC 27604|919.875.0707
INFO:root:
 --- 

INFO:root:Complete
INFO:root:Name: Inter-Faith Food Shuttle
INFO:root:Street: 1001 Blair Drive
INFO:root:City: Raleigh
INFO:root:State: NC
INFO:root:Zip: 27620
INFO:root:Phone: 919.250.0043
INFO:root:Website: www.foodshuttle.org
INFO:root:Info: 1001 Blair Drive|Raleigh, NC 27620|919.250.0043
INFO:root:
 --- 

INFO:root:Complete
INFO:root:Name: Second Harvest Food Bank of Northwest North Carolina
INFO:root:Street: 3655 Reed Street
INFO:root:City: Winston-Salem
INFO:root:State: NC
INFO:root:Zip: 27107
INFO:root:Phone: 336.784.5770
INFO:root:Website: www.secondharvestnwnc.org/
INFO:root:Info: 3655 Reed Street|Winston-Salem, NC 27107|336.784.5770
INFO:root:
 --- 

INFO:root:Complete
INFO:root:Name: Great Plains Food Bank
INFO:root:Street: 1720 3rd Avenue North
INFO:root:City: Fargo
INFO:root:State: ND
INFO:root:Zip: 58102
INFO:root:Phone: 701.232.6219
INFO:root:Website: www.greatplainsfoodbank.org/
INFO:root:Info: 1720 3rd Avenue North|Fargo, ND 58102|701.232.6219
INFO:root:
 --- 

INFO:root:Complete
INFO:root:Name: Food Bank of Lincoln, Inc.
INFO:root:Street: 4840 Doris Bair Circle, Suite A
INFO:root:City: Lincoln
INFO:root:State: NE
INFO:root:Zip: 68504
INFO:root:Phone: 402.466.8170
INFO:root:Website: www.lincolnfoodbank.org
INFO:root:Info: 4840 Doris Bair Circle, Suite A|Lincoln, NE 68504|402.466.8170
INFO:root:
 --- 

INFO:root:Complete
INFO:root:Name: Food Bank for the Heartland
INFO:root:Street: 10525  J Street
INFO:root:City: Omaha
INFO:root:State: NE
INFO:root:Zip: 68127
INFO:root:Phone: 402.905.4802
INFO:root:Website: www.foodbankheartland.org
INFO:root:Info: 10525  J Street|Omaha, NE 68127|402.905.4802
INFO:root:
 --- 

INFO:root:Complete
INFO:root:Name: New Hampshire Food Bank
INFO:root:Street: 700 East Industrial Park Drive
INFO:root:City: Manchester
INFO:root:State: NH
INFO:root:Zip: 03109
INFO:root:Phone: 603.669.9725
INFO:root:Website: www.nhfoodbank.org
INFO:root:Info: 700 East Industrial Park Drive|Manchester, NH 03109|603.669.9725
INFO:root:
 --- 

INFO:root:Complete
INFO:root:Name: Community FoodBank of New Jersey
INFO:root:Street: 31 Evans Terminal
INFO:root:City: Hillside
INFO:root:State: NJ
INFO:root:Zip: 07205
INFO:root:Phone: 908.355.3663
INFO:root:Website: www.cfbnj.org
INFO:root:Info: 31 Evans Terminal|Hillside, NJ 07205|908.355.3663
INFO:root:
 --- 

INFO:root:Complete
INFO:root:Name: FULFILL - (The FoodBank of Monmouth and Ocean Counties, Inc.)
INFO:root:Street: 3300 Route 66
INFO:root:City: Neptune
INFO:root:State: NJ
INFO:root:Zip: 07753
INFO:root:Phone: 732.918.2600
INFO:root:Website: www.fulfillnj.org
INFO:root:Info: 3300 Route 66|Neptune, NJ 07753|732.918.2600
INFO:root:
 --- 

INFO:root:Complete
INFO:root:Name: Food Bank of South Jersey
INFO:root:Street: 1501 John Tipton Boulevard
INFO:root:City: Pennsauken
INFO:root:State: NJ
INFO:root:Zip: 08110
INFO:root:Phone: 856.662.4884
INFO:root:Website: www.foodbanksj.org
INFO:root:Info: 1501 John Tipton Boulevard|Pennsauken, NJ 08110|856.662.4884
INFO:root:
 --- 

INFO:root:Complete
INFO:root:Name: Roadrunner Food Bank
INFO:root:Street: 5840 Office Blvd NE
INFO:root:City: Albuquerque
INFO:root:State: NM
INFO:root:Zip: 87109
INFO:root:Phone: 505.247.2052
INFO:root:Website: www.rrfb.org
INFO:root:Info: 5840 Office Blvd NE|Albuquerque, NM 87109|505.247.2052
INFO:root:
 --- 

INFO:root:Complete
INFO:root:Name: Three Square Food Bank
INFO:root:Street: 4190 N. Pecos Rd.
INFO:root:City: Las Vegas
INFO:root:State: NV
INFO:root:Zip: 89115
INFO:root:Phone: 702.644.3663
INFO:root:Website: www.threesquare.org
INFO:root:Info: 4190 N. Pecos Rd.|Las Vegas, NV 89115|702.644.3663
INFO:root:
 --- 

INFO:root:Complete
INFO:root:Name: Food Bank of Northern Nevada
INFO:root:Street: 550 Italy Dr
INFO:root:City: Sparks
INFO:root:State: NV
INFO:root:Zip: 89437
INFO:root:Phone: 775.331.3663
INFO:root:Website: fbnn.org/
INFO:root:Info: 550 Italy Dr|Sparks, NV 89437|775.331.3663
INFO:root:
 --- 

INFO:root:Complete
INFO:root:Name: Island Harvest
INFO:root:Street: 15 Grumman Road West Suite 1450
INFO:root:City: Bethpage
INFO:root:State: NY
INFO:root:Zip: 11714
INFO:root:Phone: 516.294.8528
INFO:root:Website: www.islandharvest.org
INFO:root:Info: 15 Grumman Road West Suite 1450|Bethpage, NY 11714|516.294.8528
INFO:root:
 --- 

INFO:root:Complete
INFO:root:Name: FeedMore WNY
INFO:root:Street: 91 Holt Street
INFO:root:City: Buffalo
INFO:root:State: NY
INFO:root:Zip: 14206
INFO:root:Phone: 716.852.1305
INFO:root:Website: www.feedmorewny.org/
INFO:root:Info: 91 Holt Street|Buffalo, NY 14206|716.852.1305
INFO:root:
 --- 

INFO:root:Complete
INFO:root:Name: Food Bank of the Southern Tier
INFO:root:Street: 388 Upper Oakwood Avenue
INFO:root:City: Elmira
INFO:root:State: NY
INFO:root:Zip: 14903
INFO:root:Phone: 607.796.6061
INFO:root:Website: www.foodbankst.org
INFO:root:Info: 388 Upper Oakwood Avenue|Elmira, NY 14903|607.796.6061
INFO:root:
 --- 

INFO:root:Complete
INFO:root:Name: Feeding Westchester
INFO:root:Street: 200 Clearbrook Road
INFO:root:City: Elmsford
INFO:root:State: NY
INFO:root:Zip: 10523
INFO:root:Phone: 914.923.1100
INFO:root:Website: feedingwestchester.org/
INFO:root:Info: 200 Clearbrook Road|Elmsford, NY 10523|914.923.1100
INFO:root:
 --- 

INFO:root:Complete
INFO:root:Name: Long Island Cares, Inc.
INFO:root:Street: 10 Davids Drive
INFO:root:City: Hauppauge
INFO:root:State: NY
INFO:root:Zip: 11788
INFO:root:Phone: 631.582.3663
INFO:root:Website: www.licares.org
INFO:root:Info: 10 Davids Drive|Hauppauge, NY 11788|631.582.3663
INFO:root:
 --- 

INFO:root:Complete
INFO:root:Name: Regional Food Bank of Northeastern New York
INFO:root:Street: 965 Albany Shaker Rd.
INFO:root:City: Latham
INFO:root:State: NY
INFO:root:Zip: 12110
INFO:root:Phone: 518.786.3691
INFO:root:Website: www.regionalfoodbank.net
INFO:root:Info: 965 Albany Shaker Rd.|Latham, NY 12110|518.786.3691
INFO:root:
 --- 

INFO:root:Complete
INFO:root:Name: Food Bank For New York City
INFO:root:Street: 355 Food Center Dr.
INFO:root:City: New York
INFO:root:State: NY
INFO:root:Zip: 10474
INFO:root:Phone: 718.991.4300
INFO:root:Website: www.foodbanknyc.org
INFO:root:Info: 355 Food Center Dr.|New York, NY 10474|718.991.4300
INFO:root:
 --- 

INFO:root:Complete
INFO:root:Name: City Harvest
INFO:root:Street: 6 East 32nd Street, 5th Fl.
INFO:root:City: New York
INFO:root:State: NY
INFO:root:Zip: 10016
INFO:root:Phone: 646.412.0600
INFO:root:Website: www.cityharvest.org
INFO:root:Info: 6 East 32nd Street, 5th Fl.|New York, NY 10016|646.412.0600
INFO:root:
 --- 

INFO:root:Complete
INFO:root:Name: Foodlink, Inc.
INFO:root:Street: 1999 Mt. Read Boulevard
INFO:root:City: Rochester
INFO:root:State: NY
INFO:root:Zip: 14615
INFO:root:Phone: 585.328.3380
INFO:root:Website: www.foodlinkny.org
INFO:root:Info: 1999 Mt. Read Boulevard|Rochester, NY 14615|585.328.3380
INFO:root:
 --- 

INFO:root:Complete
INFO:root:Name: Food Bank of Central New York
INFO:root:Street: 7066 Interstate Island Road
INFO:root:City: Syracuse
INFO:root:State: NY
INFO:root:Zip: 13209
INFO:root:Phone: 315.437.1899
INFO:root:Website: www.foodbankcny.org
INFO:root:Info: 7066 Interstate Island Road|Syracuse, NY 13209|315.437.1899
INFO:root:
 --- 

INFO:root:Complete
INFO:root:Name: Akron-Canton Regional Foodbank
INFO:root:Street: 350 Opportunity Parkway
INFO:root:City: Akron
INFO:root:State: OH
INFO:root:Zip: 44307
INFO:root:Phone: 330.535.6900
INFO:root:Website: www.akroncantonfoodbank.org
INFO:root:Info: 350 Opportunity Parkway|Akron, OH 44307|330.535.6900
INFO:root:
 --- 

INFO:root:Complete
INFO:root:Name: Freestore Foodbank
INFO:root:Street: 1141 Central Parkway
INFO:root:City: Cincinnati
INFO:root:State: OH
INFO:root:Zip: 45202
INFO:root:Phone: 513.482.4500
INFO:root:Website: www.freestorefoodbank.org
INFO:root:Info: 1141 Central Parkway|Cincinnati, OH 45202|513.482.4500
INFO:root:
 --- 

INFO:root:Complete
INFO:root:Name: Greater Cleveland Food Bank, Inc.
INFO:root:Street: 15500 South Waterloo Road
INFO:root:City: Cleveland
INFO:root:State: OH
INFO:root:Zip: 44110
INFO:root:Phone: 216.738.2265
INFO:root:Website: www.GreaterClevelandFoodBank.org
INFO:root:Info: 15500 South Waterloo Road|Cleveland, OH 44110|216.738.2265
INFO:root:
 --- 

INFO:root:Complete
INFO:root:Name: The Foodbank, Inc.
INFO:root:Street: 56 Armor Place
INFO:root:City: Dayton
INFO:root:State: OH
INFO:root:Zip: 45417
INFO:root:Phone: 937.461.0265
INFO:root:Website: www.thefoodbankdayton.org
INFO:root:Info: 56 Armor Place|Dayton, OH 45417|937.461.0265
INFO:root:
 --- 

INFO:root:Complete
INFO:root:Name: Shared Harvest Foodbank
INFO:root:Street: 5901 Dixie Highway
INFO:root:City: Fairfield
INFO:root:State: OH
INFO:root:Zip: 45014
INFO:root:Phone: 513.874.0114
INFO:root:Website: www.sharedharvest.org
INFO:root:Info: 5901 Dixie Highway|Fairfield, OH 45014|513.874.0114
INFO:root:
 --- 

INFO:root:Complete
INFO:root:Name: Mid-Ohio Foodbank
INFO:root:Street: 3960 Brookham Dr.
INFO:root:City: Grove City
INFO:root:State: OH
INFO:root:Zip: 43123
INFO:root:Phone: 614.274.7770
INFO:root:Website: www.midohiofoodbank.org
INFO:root:Info: 3960 Brookham Dr.|Grove City, OH 43123|614.274.7770
INFO:root:
 --- 

INFO:root:Complete
INFO:root:Name: West Ohio Food Bank
INFO:root:Street: 1380 East Kibby Street
INFO:root:City: Lima
INFO:root:State: OH
INFO:root:Zip: 45804
INFO:root:Phone: 419.222.7946
INFO:root:Website: www.westohiofoodbank.org/
INFO:root:Info: 1380 East Kibby Street|P.O. Box 1566|Lima, OH 45804|419.222.7946
INFO:root:
 --- 

INFO:root:Complete
INFO:root:Name: SE Ohio Foodbank
INFO:root:Street: 1005 CIC Drive
INFO:root:City: Logan
INFO:root:State: OH
INFO:root:Zip: 43138
INFO:root:Phone: 740.385.6813
INFO:root:Website: hapcap.org/foodbank
INFO:root:Info: 1005 CIC Drive|Logan, OH 43138|740.385.6813
INFO:root:
 --- 

INFO:root:Complete
INFO:root:Name: Second Harvest Food Bank of North Central Ohio
INFO:root:Street: 5510 Baumhart Rd
INFO:root:City: Lorain
INFO:root:State: OH
INFO:root:Zip: 44053
INFO:root:Phone: 440.960.2265
INFO:root:Website: www.secondharvestfoodbank.org
INFO:root:Info: 5510 Baumhart Rd|Lorain, OH 44053|440.960.2265
INFO:root:
 --- 

INFO:root:Complete
INFO:root:Name: Second Harvest Foodbank of Clark, Champaign, & Logan Counties
INFO:root:Street: 701 East Columbia Street
INFO:root:City: Springfield
INFO:root:State: OH
INFO:root:Zip: 45503
INFO:root:Phone: 937.325.8715
INFO:root:Website: www.feedccl.org/
INFO:root:Info: 701 East Columbia Street|Springfield, OH 45503|937.325.8715
INFO:root:
 --- 

INFO:root:Complete
INFO:root:Name: Toledo Northwestern Ohio Food Bank
INFO:root:Street: 24 East Woodruff Avenue
INFO:root:City: Toledo
INFO:root:State: OH
INFO:root:Zip: 43604
INFO:root:Phone: 419.242.5000
INFO:root:Website: www.toledofoodbank.org
INFO:root:Info: 24 East Woodruff Avenue|Toledo, OH 43604|419.242.5000
INFO:root:
 --- 

INFO:root:Complete
INFO:root:Name: Second Harvest Food Bank of the Mahoning Valley
INFO:root:Street: 2805 Salt Springs Road
INFO:root:City: Youngstown
INFO:root:State: OH
INFO:root:Zip: 44509
INFO:root:Phone: 330.792.5522
INFO:root:Website: www.mahoningvalleysecondharvest.org
INFO:root:Info: 2805 Salt Springs Road|Youngstown, OH 44509|330.792.5522
INFO:root:
 --- 

INFO:root:Complete
INFO:root:Name: Regional Food Bank of Oklahoma
INFO:root:Street: 3355 S. Purdue
INFO:root:City: PO Box 270968|Oklahoma City
INFO:root:State: OK
INFO:root:Zip: 73179
INFO:root:Phone: 405.972.1111
INFO:root:Website: www.regionalfoodbank.org
INFO:root:Info: 3355 S. Purdue|PO Box 270968|Oklahoma City, OK 73179|405.972.1111
INFO:root:
 --- 

INFO:root:Complete
INFO:root:Name: Community Food Bank of Eastern Oklahoma
INFO:root:Street: 1304 N. Kenosha Ave.
INFO:root:City: Tulsa
INFO:root:State: OK
INFO:root:Zip: 74106
INFO:root:Phone: 918.585.2800
INFO:root:Website: www.okfoodbank.org
INFO:root:Info: 1304 N. Kenosha Ave.|Tulsa, OK 74106|918.585.2800
INFO:root:
 --- 

INFO:root:Complete
INFO:root:Name: Oregon Food Bank
INFO:root:Street: 7900 NE 33rd Drive
INFO:root:City: Portland
INFO:root:State: OR
INFO:root:Zip: 97211
INFO:root:Phone: 503.282.0555
INFO:root:Website: www.oregonfoodbank.org
INFO:root:Info: 7900 NE 33rd Drive|Portland, OR 97211|503.282.0555
INFO:root:
 --- 

INFO:root:Complete
INFO:root:Name: Westmoreland County Food Bank
INFO:root:Street: 100 Devonshire Drive
INFO:root:City: Delmont
INFO:root:State: PA
INFO:root:Zip: 15626
INFO:root:Phone: 724.468.8660
INFO:root:Website: www.westmorelandfoodbank.org
INFO:root:Info: 100 Devonshire Drive|Delmont, PA 15626|724.468.8660
INFO:root:
 --- 

INFO:root:Complete
INFO:root:Name: Greater Pittsburgh Community Food Bank
INFO:root:Street: 1 North Linden Street
INFO:root:City: Duquesne
INFO:root:State: PA
INFO:root:Zip: 15110
INFO:root:Phone: 412.460.3663
INFO:root:Website: www.pittsburghfoodbank.org
INFO:root:Info: 1 North Linden Street|Duquesne, PA 15110|412.460.3663
INFO:root:
 --- 

INFO:root:Complete
INFO:root:Name: Second Harvest Food Bank of Northwest Pennsylvania
INFO:root:Street: 1507 Grimm Drive
INFO:root:City: Erie
INFO:root:State: PA
INFO:root:Zip: 16501
INFO:root:Phone: 814.459.3663
INFO:root:Website: www.nwpafoodbank.org
INFO:root:Info: 1507 Grimm Drive|Erie, PA 16501|814.459.3663
INFO:root:
 --- 

INFO:root:Complete
INFO:root:Name: Central Pennsylvania Food Bank
INFO:root:Street: 3908 Corey Road
INFO:root:City: Harrisburg
INFO:root:State: PA
INFO:root:Zip: 17109
INFO:root:Phone: 717.564.1700
INFO:root:Website: www.centralpafoodbank.org
INFO:root:Info: 3908 Corey Road|Harrisburg, PA 17109|717.564.1700
INFO:root:
 --- 

INFO:root:Complete
INFO:root:Name: Second Harvest Food Bank of Lehigh Valley and NE Pennsylvania
INFO:root:Street: 6969 Silver Crest Road
INFO:root:City: Nazareth
INFO:root:State: PA
INFO:root:Zip: 18064
INFO:root:Phone: 610.434.0875
INFO:root:Website: www.shfblv.org
INFO:root:Info: 6969 Silver Crest Road|Nazareth, PA 18064|610.434.0875
INFO:root:
 --- 

INFO:root:Complete
INFO:root:Name: Philabundance
INFO:root:Street: 3616 S. Galloway Street
INFO:root:City: Philadelphia
INFO:root:State: PA
INFO:root:Zip: 19148
INFO:root:Phone: 215.339.0900
INFO:root:Website: www.philabundance.org
INFO:root:Info: 3616 S. Galloway Street|Philadelphia, PA 19148|215.339.0900
INFO:root:
 --- 

INFO:root:Complete
INFO:root:Name: H & J Weinberg NE PA Regional Food Bank
INFO:root:Street: 185 Research Drive
INFO:root:City: Pittston
INFO:root:State: PA
INFO:root:Zip: 18640
INFO:root:Phone: 570.908.2222
INFO:root:Website: www.ceopeoplehelpingpeople.org
INFO:root:Info: 185 Research Drive|Pittston, PA 18640|570.908.2222
INFO:root:
 --- 

INFO:root:Complete
INFO:root:Name: Helping Harvest
INFO:root:Street: 117 Morgan Drive
INFO:root:City: Reading
INFO:root:State: PA
INFO:root:Zip: 19608
INFO:root:Phone: 610.926.5802
INFO:root:Website: www.helpingharvest.org
INFO:root:Info: 117 Morgan Drive|Reading, PA 19608|610.926.5802
INFO:root:
 --- 

INFO:root:Complete
INFO:root:Name: Community Food Warehouse of Mercer County
INFO:root:Street: 109 S Sharpsville Avenue
INFO:root:City: Suite A|Sharon
INFO:root:State: PA
INFO:root:Zip: 16146
INFO:root:Phone: 724.981.0353
INFO:root:Website: www.foodwarehouse.org
INFO:root:Info: 109 S Sharpsville Avenue|Suite A|Sharon, PA 16146|724.981.0353
INFO:root:
 --- 

INFO:root:Complete
INFO:root:Name: Banco de Alimentos de Puerto Rico
INFO:root:Street: Urbanization Country Club Park C / 272 IC4
INFO:root:City: PO Box 3990|Carolina
INFO:root:State: PR
INFO:root:Zip: 00984
INFO:root:Phone: 787.740.3663
INFO:root:Website: bancodealimentopr.org/
INFO:root:Info: Urbanization Country Club Park C / 272 IC4|PO Box 3990|Carolina, PR 00984|787.740.3663
INFO:root:
 --- 

INFO:root:Complete
INFO:root:Name: Rhode Island Community Food Bank
INFO:root:Street: 200 Niantic Ave.
INFO:root:City: Providence
INFO:root:State: RI
INFO:root:Zip: 02907
INFO:root:Phone: 401.942.6325
INFO:root:Website: www.rifoodbank.org
INFO:root:Info: 200 Niantic Ave.|Providence, RI 02907|401.942.6325
INFO:root:
 --- 

INFO:root:Complete
INFO:root:Name: Lowcountry Food Bank
INFO:root:Street: 2864 Azalea Drive
INFO:root:City: Charleston
INFO:root:State: SC
INFO:root:Zip: 29405
INFO:root:Phone: 843.747.8146
INFO:root:Website: www.lowcountryfoodbank.org
INFO:root:Info: 2864 Azalea Drive|Charleston, SC 29405|843.747.8146
INFO:root:
 --- 

INFO:root:Complete
INFO:root:Name: Harvest Hope Food Bank
INFO:root:Street: 2220 Shop Road
INFO:root:City: Columbia
INFO:root:State: SC
INFO:root:Zip: 29201
INFO:root:Phone: 803.254.4432
INFO:root:Website: www.harvesthope.org
INFO:root:Info: 2220 Shop Road|P.O. Box 451|Columbia, SC 29201|803.254.4432
INFO:root:
 --- 

INFO:root:Complete
INFO:root:Name: Feeding South Dakota
INFO:root:Street: 4701 N Westport Ave
INFO:root:City: Sioux Falls
INFO:root:State: SD
INFO:root:Zip: 57107
INFO:root:Phone: 605.335.0364
INFO:root:Website: www.feedingsouthdakota.org
INFO:root:Info: 4701 N Westport Ave|Sioux Falls, SD 57107|605.335.0364
INFO:root:
 --- 

INFO:root:Complete
INFO:root:Name: Chattanooga Area Food Bank
INFO:root:Street: 2009 Curtain Pole Road
INFO:root:City: Chattanooga
INFO:root:State: TN
INFO:root:Zip: 37406
INFO:root:Phone: 423.622.1800
INFO:root:Website: www.chattfoodbank.org
INFO:root:Info: 2009 Curtain Pole Road|Chattanooga, TN 37406|423.622.1800
INFO:root:
 --- 

INFO:root:Complete
INFO:root:Name: Second Harvest Food Bank of Northeast Tennessee
INFO:root:Street: 1020 Jericho Drive
INFO:root:City: Kingsport
INFO:root:State: TN
INFO:root:Zip: 37663
INFO:root:Phone: 423.279.0430
INFO:root:Website: www.netfoodbank.org
INFO:root:Info: 1020 Jericho Drive|Kingsport, TN 37663|423.279.0430
INFO:root:
 --- 

INFO:root:Complete
INFO:root:Name: Second Harvest Food Bank of East Tennessee
INFO:root:Street: 136 Harvest Lane
INFO:root:City: Maryville
INFO:root:State: TN
INFO:root:Zip: 37801
INFO:root:Phone: 865.521.0000
INFO:root:Website: secondharvestetn.org/
INFO:root:Info: 136 Harvest Lane|Maryville, TN 37801|865.521.0000
INFO:root:
 --- 

INFO:root:Complete
INFO:root:Name: Mid-South Food Bank
INFO:root:Street: 3865 S Perkins Rd
INFO:root:City: Memphis
INFO:root:State: TN
INFO:root:Zip: 38118
INFO:root:Phone: 901.527.0841
INFO:root:Website: www.midsouthfoodbank.org
INFO:root:Info: 3865 S Perkins Rd|Memphis, TN 38118|901.527.0841
INFO:root:
 --- 

INFO:root:Complete
INFO:root:Name: Second Harvest Food Bank of Middle Tennessee
INFO:root:Street: 331 Great Circle Road
INFO:root:City: Nashville
INFO:root:State: TN
INFO:root:Zip: 37228
INFO:root:Phone: 615.329.3491
INFO:root:Website: www.secondharvestmidtn.org
INFO:root:Info: 331 Great Circle Road|Nashville, TN 37228|615.329.3491
INFO:root:
 --- 

INFO:root:Complete
INFO:root:Name: Food Bank of West Central Texas
INFO:root:Street: 5505 N. First
INFO:root:City: Abilene
INFO:root:State: TX
INFO:root:Zip: 79603
INFO:root:Phone: 325.695.6311
INFO:root:Website: www.fbwct.org
INFO:root:Info: 5505 N. First|Abilene, TX 79603|325.695.6311
INFO:root:
 --- 

INFO:root:Complete
INFO:root:Name: High Plains Food Bank
INFO:root:Street: 815 S. Ross
INFO:root:City: PO Box 31803|Amarillo
INFO:root:State: TX
INFO:root:Zip: 79120
INFO:root:Phone: 806.374.8562
INFO:root:Website: www.hpfb.org
INFO:root:Info: 815 S. Ross|PO Box 31803|Amarillo, TX 79120|806.374.8562
INFO:root:
 --- 

INFO:root:Complete
INFO:root:Name: Central Texas Food Bank
INFO:root:Street: 6500 Metropolis Drive
INFO:root:City: Austin
INFO:root:State: TX
INFO:root:Zip: 78744
INFO:root:Phone: 512.282.2111
INFO:root:Website: www.centraltexasfoodbank.org/
INFO:root:Info: 6500 Metropolis Drive|Austin, TX 78744|512.282.2111
INFO:root:
 --- 

INFO:root:Complete
INFO:root:Name: Southeast Texas Food Bank
INFO:root:Street: 3845 Martin Luther King Parkway
INFO:root:City: P O Box 21012|Beaumont
INFO:root:State: TX
INFO:root:Zip: 77705
INFO:root:Phone: 409.839.8777
INFO:root:Website: setxfoodbank.org
INFO:root:Info: 3845 Martin Luther King Parkway|P O Box 21012|Beaumont, TX 77705|409.839.8777
INFO:root:
 --- 

INFO:root:Complete
INFO:root:Name: Coastal Bend Food Bank
INFO:root:Street: 826 Krill St.
INFO:root:City: Corpus Christi
INFO:root:State: TX
INFO:root:Zip: 78408
INFO:root:Phone: 361.887.6291
INFO:root:Website: coastalbendfoodbank.org/
INFO:root:Info: 826 Krill St.|Corpus Christi, TX 78408|361.887.6291
INFO:root:
 --- 

INFO:root:Complete
INFO:root:Name: El Pasoans Fighting Hunger
INFO:root:Street: 9541 Plaza Circle
INFO:root:City: El Paso
INFO:root:State: TX
INFO:root:Zip: 79927
INFO:root:Phone: 915.298.0353
INFO:root:Website: www.elpasoansfightinghunger.org/
INFO:root:Info: 9541 Plaza Circle|El Paso, TX 79927|915.298.0353
INFO:root:
 --- 

INFO:root:Complete
INFO:root:Name: Tarrant Area Food Bank
INFO:root:Street: 2600 Cullen
INFO:root:City: Ft. Worth
INFO:root:State: TX
INFO:root:Zip: 76107
INFO:root:Phone: 817.332.9177
INFO:root:Website: www.tafb.org
INFO:root:Info: 2600 Cullen|Ft. Worth, TX 76107|817.332.9177
INFO:root:
 --- 

INFO:root:Complete
INFO:root:Name: Houston Food Bank
INFO:root:Street: 535 Portwall Street
INFO:root:City: Houston
INFO:root:State: TX
INFO:root:Zip: 77029
INFO:root:Phone: 713.223.3700
INFO:root:Website: www.HoustonFoodBank.org
INFO:root:Info: 535 Portwall Street|Houston, TX 77029|713.223.3700
INFO:root:
 --- 

INFO:root:Complete
INFO:root:Name: South Texas Food Bank
INFO:root:Street: 2121 Jefferson St.
INFO:root:City: Laredo
INFO:root:State: TX
INFO:root:Zip: 78040
INFO:root:Phone: 956.726.3120
INFO:root:Website: www.southtexasfoodbank.org/
INFO:root:Info: 2121 Jefferson St.|Laredo, TX 78040|956.726.3120
INFO:root:
 --- 

INFO:root:Complete
INFO:root:Name: South Plains Food Bank
INFO:root:Street: 5605 MLK Boulevard
INFO:root:City: Lubbock
INFO:root:State: TX
INFO:root:Zip: 79404
INFO:root:Phone: 806.763.3003
INFO:root:Website: www.spfb.org
INFO:root:Info: 5605 MLK Boulevard|Lubbock, TX 79404|806.763.3003
INFO:root:
 --- 

INFO:root:Complete
INFO:root:Name: West Texas Food Bank
INFO:root:Street: 411 S. Pagewood Ave.
INFO:root:City: Odessa
INFO:root:State: TX
INFO:root:Zip: 79761
INFO:root:Phone: 432.580.6333
INFO:root:Website: www.wtxfoodbank.org
INFO:root:Info: 411 S. Pagewood Ave.|Odessa, TX 79761|432.580.6333
INFO:root:
 --- 

INFO:root:Complete
INFO:root:Name: Food Bank of the Rio Grande Valley, Inc.
INFO:root:Street: 724 N. Cage Blvd.
INFO:root:City: Pharr
INFO:root:State: TX
INFO:root:Zip: 78577
INFO:root:Phone: 956.682.8101
INFO:root:Website: www.foodbankrgv.com
INFO:root:Info: 724 N. Cage Blvd.|Pharr, TX 78577|956.682.8101
INFO:root:
 --- 

INFO:root:Complete
INFO:root:Name: North Texas Food Bank
INFO:root:Street: 3677 Mapleshade Lane
INFO:root:City: Plano
INFO:root:State: TX
INFO:root:Zip: 75075
INFO:root:Phone: 214.330.1396
INFO:root:Website: www.ntfb.org
INFO:root:Info: 3677 Mapleshade Lane|Plano, TX 75075|214.330.1396
INFO:root:
 --- 

INFO:root:Complete
INFO:root:Name: San Antonio Food Bank
INFO:root:Street: 5200 Enrique M Barrera Pkwy
INFO:root:City: San Antonio
INFO:root:State: TX
INFO:root:Zip: 78227
INFO:root:Phone: 210.337.3663
INFO:root:Website: www.safoodbank.org
INFO:root:Info: 5200 Enrique M Barrera Pkwy|San Antonio, TX 78227|210.337.3663
INFO:root:
 --- 

INFO:root:Complete
INFO:root:Name: East Texas Food Bank
INFO:root:Street: 3201 Robertson Road
INFO:root:City: Tyler
INFO:root:State: TX
INFO:root:Zip: 75701
INFO:root:Phone: 903.597.3663
INFO:root:Website: www.EastTexasFoodBank.org
INFO:root:Info: 3201 Robertson Road|Tyler, TX 75701|903.597.3663
INFO:root:
 --- 

INFO:root:Complete
INFO:root:Name: Food Bank of the Golden Crescent
INFO:root:Street: 3809 E. Rio Grande
INFO:root:City: Victoria
INFO:root:State: TX
INFO:root:Zip: 77901
INFO:root:Phone: 361.578.0591
INFO:root:Website: www.tfbgc.org
INFO:root:Info: 3809 E. Rio Grande|P.O.Box 5085|Victoria, TX 77901|361.578.0591
INFO:root:
 --- 

INFO:root:Complete
INFO:root:Name: Wichita Falls Area Food Bank
INFO:root:Street: 1230 Midwestern Parkway
INFO:root:City: PO Box 623|Wichita Falls
INFO:root:State: TX
INFO:root:Zip: 76307
INFO:root:Phone: 940.766.2322
INFO:root:Website: www.wfafb.org
INFO:root:Info: 1230 Midwestern Parkway|PO Box 623|Wichita Falls, TX 76307|940.766.2322
INFO:root:
 --- 

INFO:root:Complete
INFO:root:Name: Utah Food Bank
INFO:root:Street: 3150 South 900 West
INFO:root:City: Salt Lake City
INFO:root:State: UT
INFO:root:Zip: 84119
INFO:root:Phone: 801.978.2452
INFO:root:Website: www.utahfoodbank.org
INFO:root:Info: 3150 South 900 West|Salt Lake City, UT 84119|801.978.2452
INFO:root:
 --- 

INFO:root:Complete
INFO:root:Name: Fredericksburg Regional Foodbank
INFO:root:Street: 3631 Lee Hill Drive
INFO:root:City: PO Box 1006|Fredericksburg
INFO:root:State: VA
INFO:root:Zip: 22408
INFO:root:Phone: 540.371.7666
INFO:root:Website: www.fredfood.org/
INFO:root:Info: 3631 Lee Hill Drive|PO Box 1006|Fredericksburg, VA 22408|540.371.7666
INFO:root:
 --- 

INFO:root:Complete
INFO:root:Name: Virginia Peninsula Foodbank
INFO:root:Street: 2401 Aluminum Avenue
INFO:root:City: Hampton
INFO:root:State: VA
INFO:root:Zip: 23661
INFO:root:Phone: 757.596.7188
INFO:root:Website: www.hrfoodbank.org
INFO:root:Info: 2401 Aluminum Avenue|Hampton, VA 23661|757.596.7188
INFO:root:
 --- 

INFO:root:Complete
INFO:root:Name: Foodbank of Southeastern Virginia
INFO:root:Street: 800 Tidewater Drive
INFO:root:City: PO Box 1940|Norfolk
INFO:root:State: VA
INFO:root:Zip: 23504
INFO:root:Phone: 757.627.6599
INFO:root:Website: www.foodbankonline.org
INFO:root:Info: 800 Tidewater Drive|PO Box 1940|Norfolk, VA 23504|757.627.6599
INFO:root:
 --- 

INFO:root:Complete
INFO:root:Name: Feed More
INFO:root:Street: 1415 Rhoadmiller Street
INFO:root:City: Richmond
INFO:root:State: VA
INFO:root:Zip: 23220
INFO:root:Phone: 804.521.2500
INFO:root:Website: www.feedmore.org
INFO:root:Info: 1415 Rhoadmiller Street|Richmond, VA 23220|804.521.2500
INFO:root:
 --- 

INFO:root:Complete
INFO:root:Name: Feeding Southwest Virginia
INFO:root:Street: 1025 Electric Road
INFO:root:City: Salem
INFO:root:State: VA
INFO:root:Zip: 24153
INFO:root:Phone: 540.342.3011
INFO:root:Website: www.faswva.org
INFO:root:Info: 1025 Electric Road|Salem, VA 24153|540.342.3011
INFO:root:
 --- 

INFO:root:Complete
INFO:root:Name: Blue Ridge Area Food Bank, Inc.
INFO:root:Street: 96 Laurel Hill Road
INFO:root:City: Verona
INFO:root:State: VA
INFO:root:Zip: 24482
INFO:root:Phone: 540.248.3663
INFO:root:Website: www.brafb.org
INFO:root:Info: 96 Laurel Hill Road|P.O. Box 937|Verona, VA 24482|540.248.3663
INFO:root:
 --- 

INFO:root:Complete
INFO:root:Name: Vermont Foodbank
INFO:root:Street: 33 Parker Road
INFO:root:City: Barre
INFO:root:State: VT
INFO:root:Zip: 05641
INFO:root:Phone: 802.476.3341
INFO:root:Website: www.vtfoodbank.org/
INFO:root:Info: 33 Parker Road|Barre, VT 05641|802.476.3341
INFO:root:
 --- 

INFO:root:Complete
INFO:root:Name: Food Lifeline
INFO:root:Street: 815 South 96th Street
INFO:root:City: Seattle
INFO:root:State: WA
INFO:root:Zip: 98108
INFO:root:Phone: 206.545.6600
INFO:root:Website: www.foodlifeline.org
INFO:root:Info: 815 South 96th Street|Seattle, WA 98108|206.545.6600
INFO:root:
 --- 

INFO:root:Complete
INFO:root:Name: Second Harvest Inland Northwest
INFO:root:Street: 1234 E. Front Avenue
INFO:root:City: Spokane
INFO:root:State: WA
INFO:root:Zip: 99202
INFO:root:Phone: 509.534.6678
INFO:root:Website: www.2-harvest.org
INFO:root:Info: 1234 E. Front Avenue|Spokane, WA 99202|509.534.6678
INFO:root:
 --- 

INFO:root:Complete
INFO:root:Name: Second Harvest Foodbank of Southern Wisconsin
INFO:root:Street: 2802 Dairy Drive
INFO:root:City: Madison
INFO:root:State: WI
INFO:root:Zip: 53718
INFO:root:Phone: 608.223.9121
INFO:root:Website: www.secondharvestmadison.org
INFO:root:Info: 2802 Dairy Drive|Madison, WI 53718|608.223.9121
INFO:root:
 --- 

INFO:root:Complete
INFO:root:Name: Feeding America Eastern Wisconsin
INFO:root:Street: 1700 W. Fond Du Lac Avenue
INFO:root:City: Milwaukee
INFO:root:State: WI
INFO:root:Zip: 53205
INFO:root:Phone: 414.931.7400
INFO:root:Website: www.feedingamericawi.org/
INFO:root:Info: 1700 W. Fond Du Lac Avenue|Milwaukee, WI 53205|414.931.7400
INFO:root:
 --- 

INFO:root:Complete
INFO:root:Name: Mountaineer Food Bank
INFO:root:Street: 484 Enterprise Drive
INFO:root:City: Gassaway
INFO:root:State: WV
INFO:root:Zip: 26624
INFO:root:Phone: 304.364.5518
INFO:root:Website: www.mountaineerfoodbank.org
INFO:root:Info: 484 Enterprise Drive|Gassaway, WV 26624|304.364.5518
INFO:root:
 --- 

INFO:root:Complete
INFO:root:Name: Facing Hunger Foodbank
INFO:root:Street: 1327 Seventh Avenue
INFO:root:City: Huntington
INFO:root:State: WV
INFO:root:Zip: 25701
INFO:root:Phone: 304.523.6029
INFO:root:Website: facinghunger.org
INFO:root:Info: 1327 Seventh Avenue|Huntington, WV 25701|304.523.6029
INFO:root:
 --- 

INFO:root:Complete
